dataset,category,mode,k_shot,seed,Image AUROC,Image AP,Image F1,Pixel AUROC,Pixel AP,Pixel F1,Pixel PRO
mvtec,bottle,k1,1,0,0.9968,0.9990,0.9921,0.9907,0.9023,0.8264,0.9528
mvtec,bottle,k1,1,42,0.9937,0.9979,0.9921,0.9914,0.9006,0.8260,0.9509
mvtec,bottle,k1,1,123,0.9992,0.9998,0.9921,0.9874,0.8810,0.8026,0.9524
mvtec,bottle,k1,1,456,0.9881,0.9958,0.9921,0.9916,0.9022,0.8260,0.9562
mvtec,bottle,k1,1,789,1.0000,1.0000,1.0000,0.9911,0.9036,0.8334,0.9637
mvtec,bottle,k2,2,0,0.9952,0.9985,0.9921,0.9889,0.8888,0.8193,0.9623
mvtec,bottle,k2,2,42,0.9913,0.9973,0.9692,0.9670,0.7901,0.7394,0.8962
mvtec,bottle,k2,2,123,0.9960,0.9987,0.9921,0.9913,0.8935,0.8187,0.9534
mvtec,bottle,k2,2,456,0.9976,0.9992,0.9921,0.9915,0.9007,0.8272,0.9604
mvtec,bottle,k2,2,789,0.9992,0.9998,0.9921,0.9898,0.8889,0.8151,0.9566
mvtec,bottle,k4,4,0,0.9992,0.9998,0.9921,0.9765,0.8215,0.7655,0.9081
mvtec,bottle,k4,4,42,1.0000,1.0000,1.0000,0.9913,0.8899,0.8196,0.9503
mvtec,bottle,k4,4,123,0.9960,0.9987,0.9921,0.9914,0.8913,0.8181,0.9498
mvtec,bottle,k4,4,456,0.9952,0.9985,0.9921,0.9725,0.8071,0.7418,0.8859
mvtec,bottle,k4,4,789,1.0000,1.0000,1.0000,0.9916,0.8928,0.8222,0.9567
mvtec,cable,k1,1,0,0.9093,0.9504,0.8646,0.9548,0.6815,0.6468,0.8608
mvtec,cable,k1,1,42,0.9003,0.9429,0.8686,0.9495,0.6103,0.5562,0.7866
mvtec,cable,k1,1,123,0.9114,0.9518,0.8723,0.9462,0.6570,0.6190,0.7546
mvtec,cable,k1,1,456,0.8711,0.9182,0.8442,0.8987,0.5483,0.5326,0.6733
mvtec,cable,k1,1,789,0.8454,0.9040,0.8410,0.9346,0.6032,0.5613,0.7921
mvtec,cable,k2,2,0,0.9412,0.9657,0.8947,0.9757,0.7282,0.6591,0.9134
mvtec,cable,k2,2,42,0.9408,0.9659,0.8962,0.9724,0.7171,0.6531,0.8761
mvtec,cable,k2,2,123,0.9136,0.9477,0.8788,0.9529,0.6851,0.6289,0.8241
mvtec,cable,k2,2,456,0.8951,0.9361,0.8586,0.9189,0.6085,0.5862,0.7319
mvtec,cable,k2,2,789,0.9166,0.9550,0.8729,0.9033,0.5729,0.5591,0.6849
mvtec,cable,k4,4,0,0.9629,0.9782,0.9198,0.9790,0.7348,0.6635,0.9114
mvtec,cable,k4,4,42,0.9794,0.9879,0.9560,0.9800,0.7509,0.6698,0.9004
mvtec,cable,k4,4,123,0.9653,0.9784,0.9255,0.9720,0.7190,0.6440,0.8765
mvtec,cable,k4,4,456,0.9721,0.9820,0.9424,0.9805,0.7502,0.6746,0.9088
mvtec,cable,k4,4,789,0.9754,0.9860,0.9312,0.9811,0.7886,0.7152,0.9254
mvtec,capsule,k1,1,0,0.9250,0.9837,0.9444,0.9814,0.3983,0.4411,0.9242
mvtec,capsule,k1,1,42,0.9226,0.9824,0.9439,0.9809,0.4310,0.4703,0.9266
mvtec,capsule,k1,1,123,0.8456,0.9634,0.9185,0.9776,0.3948,0.4417,0.8940
mvtec,capsule,k1,1,456,0.9262,0.9809,0.9596,0.9912,0.5190,0.5384,0.9554
mvtec,capsule,k1,1,789,0.9326,0.9855,0.9422,0.9816,0.4385,0.4785,0.9383
mvtec,capsule,k2,2,0,0.9250,0.9782,0.9434,0.9917,0.4697,0.5264,0.9523
mvtec,capsule,k2,2,42,0.9198,0.9798,0.9478,0.9909,0.4947,0.5226,0.9345
mvtec,capsule,k2,2,123,0.8839,0.9743,0.9244,0.9826,0.4282,0.4602,0.9160
mvtec,capsule,k2,2,456,0.9446,0.9862,0.9636,0.9904,0.5180,0.5271,0.9375
mvtec,capsule,k2,2,789,0.9418,0.9852,0.9640,0.9919,0.5019,0.5317,0.9629
mvtec,capsule,k4,4,0,0.9370,0.9839,0.9640,0.9882,0.5189,0.5363,0.9378
mvtec,capsule,k4,4,42,0.9533,0.9891,0.9589,0.9915,0.4937,0.5232,0.9480
mvtec,capsule,k4,4,123,0.9370,0.9850,0.9545,0.9900,0.5597,0.5742,0.9633
mvtec,capsule,k4,4,456,0.9529,0.9880,0.9732,0.9930,0.5125,0.5604,0.9646
mvtec,capsule,k4,4,789,0.9553,0.9871,0.9774,0.9930,0.5206,0.5524,0.9699
mvtec,carpet,k1,1,0,1.0000,1.0000,1.0000,0.9949,0.7682,0.6941,0.9785
mvtec,carpet,k1,1,42,1.0000,1.0000,1.0000,0.9961,0.8064,0.7232,0.9777
mvtec,carpet,k1,1,123,1.0000,1.0000,1.0000,0.9957,0.7946,0.7147,0.9764
mvtec,carpet,k1,1,456,1.0000,1.0000,1.0000,0.9955,0.7864,0.7136,0.9750
mvtec,carpet,k1,1,789,1.0000,1.0000,1.0000,0.9954,0.7949,0.7087,0.9785
mvtec,carpet,k2,2,0,1.0000,1.0000,1.0000,0.9955,0.7839,0.7020,0.9810
mvtec,carpet,k2,2,42,1.0000,1.0000,1.0000,0.9957,0.7866,0.7090,0.9791
mvtec,carpet,k2,2,123,1.0000,1.0000,1.0000,0.9955,0.7817,0.7050,0.9778
mvtec,carpet,k2,2,456,1.0000,1.0000,1.0000,0.9957,0.7914,0.7100,0.9813
mvtec,carpet,k2,2,789,1.0000,1.0000,1.0000,0.9957,0.7935,0.7096,0.9797
mvtec,carpet,k4,4,0,1.0000,1.0000,1.0000,0.9954,0.7715,0.6980,0.9809
mvtec,carpet,k4,4,42,1.0000,1.0000,1.0000,0.9955,0.7720,0.7044,0.9784
mvtec,carpet,k4,4,123,1.0000,1.0000,1.0000,0.9954,0.7818,0.7176,0.9800
mvtec,carpet,k4,4,456,1.0000,1.0000,1.0000,0.9959,0.7938,0.7214,0.9809
mvtec,carpet,k4,4,789,1.0000,1.0000,1.0000,0.9952,0.7673,0.6945,0.9799
mvtec,grid,k1,1,0,0.9933,0.9978,0.9912,0.9697,0.3551,0.4185,0.8708
mvtec,grid,k1,1,42,1.0000,1.0000,1.0000,0.9645,0.3215,0.3768,0.8328
mvtec,grid,k1,1,123,0.9916,0.9974,0.9912,0.9625,0.3100,0.3745,0.8830
mvtec,grid,k1,1,456,0.9925,0.9975,0.9821,0.9589,0.2928,0.3673,0.8444
mvtec,grid,k1,1,789,0.9958,0.9986,0.9912,0.9688,0.3332,0.3875,0.8697
mvtec,grid,k2,2,0,0.9983,0.9994,0.9913,0.9713,0.3158,0.3935,0.9042
mvtec,grid,k2,2,42,1.0000,1.0000,1.0000,0.9832,0.3366,0.3857,0.9272
mvtec,grid,k2,2,123,0.9975,0.9991,0.9912,0.9787,0.3023,0.3695,0.9162
mvtec,grid,k2,2,456,0.9950,0.9982,0.9821,0.9610,0.2999,0.3750,0.8577
mvtec,grid,k2,2,789,1.0000,1.0000,1.0000,0.9835,0.3573,0.3993,0.9261
mvtec,grid,k4,4,0,0.9992,0.9997,0.9913,0.9743,0.3131,0.3785,0.8989
mvtec,grid,k4,4,42,1.0000,1.0000,1.0000,0.9842,0.3464,0.3897,0.9280
mvtec,grid,k4,4,123,0.9975,0.9991,0.9912,0.9810,0.3331,0.3857,0.9303
mvtec,grid,k4,4,456,0.9975,0.9991,0.9912,0.9645,0.2641,0.3476,0.8747
mvtec,grid,k4,4,789,1.0000,1.0000,1.0000,0.9858,0.3559,0.3947,0.9379
mvtec,hazelnut,k1,1,0,0.9268,0.9590,0.9051,0.9869,0.6979,0.6467,0.8875
mvtec,hazelnut,k1,1,42,0.9800,0.9887,0.9524,0.9947,0.8269,0.8018,0.9322
mvtec,hazelnut,k1,1,123,0.8914,0.9390,0.8714,0.9602,0.4063,0.4258,0.8047
mvtec,hazelnut,k1,1,456,1.0000,1.0000,1.0000,0.9948,0.7935,0.7762,0.9228
mvtec,hazelnut,k1,1,789,0.9882,0.9932,0.9589,0.9933,0.7651,0.7605,0.9268
mvtec,hazelnut,k2,2,0,0.9739,0.9840,0.9517,0.9946,0.8007,0.7797,0.9438
mvtec,hazelnut,k2,2,42,0.9982,0.9990,0.9928,0.9946,0.8406,0.7953,0.9343
mvtec,hazelnut,k2,2,123,0.9625,0.9807,0.9275,0.9920,0.7769,0.7506,0.9125
mvtec,hazelnut,k2,2,456,0.9996,0.9998,0.9929,0.9927,0.7571,0.7295,0.9157
mvtec,hazelnut,k2,2,789,1.0000,1.0000,1.0000,0.9959,0.8194,0.8055,0.9526
mvtec,hazelnut,k4,4,0,0.9943,0.9968,0.9722,0.9958,0.8399,0.8002,0.9470
mvtec,hazelnut,k4,4,42,1.0000,1.0000,1.0000,0.9957,0.8296,0.8108,0.9395
mvtec,hazelnut,k4,4,123,1.0000,1.0000,1.0000,0.9964,0.8348,0.8086,0.9618
mvtec,hazelnut,k4,4,456,1.0000,1.0000,1.0000,0.9950,0.7929,0.7758,0.9355
mvtec,hazelnut,k4,4,789,1.0000,1.0000,1.0000,0.9961,0.8083,0.8007,0.9567
mvtec,leather,k1,1,0,1.0000,1.0000,1.0000,0.9956,0.5356,0.5623,0.9865
mvtec,leather,k1,1,42,1.0000,1.0000,1.0000,0.9942,0.4707,0.5146,0.9756
mvtec,leather,k1,1,123,1.0000,1.0000,1.0000,0.9953,0.4787,0.5493,0.9870
mvtec,leather,k1,1,456,1.0000,1.0000,1.0000,0.9949,0.5070,0.5353,0.9801
mvtec,leather,k1,1,789,1.0000,1.0000,1.0000,0.9936,0.4171,0.4894,0.9760
mvtec,leather,k2,2,0,1.0000,1.0000,1.0000,0.9951,0.5133,0.5461,0.9793
mvtec,leather,k2,2,42,1.0000,1.0000,1.0000,0.9945,0.4777,0.5139,0.9791
mvtec,leather,k2,2,123,1.0000,1.0000,1.0000,0.9942,0.4397,0.5079,0.9790
mvtec,leather,k2,2,456,1.0000,1.0000,1.0000,0.9955,0.5557,0.5509,0.9868
mvtec,leather,k2,2,789,1.0000,1.0000,1.0000,0.9947,0.5307,0.5233,0.9844
mvtec,leather,k4,4,0,1.0000,1.0000,1.0000,0.9952,0.5178,0.5431,0.9839
mvtec,leather,k4,4,42,1.0000,1.0000,1.0000,0.9946,0.5072,0.5240,0.9818
mvtec,leather,k4,4,123,1.0000,1.0000,1.0000,0.9941,0.4442,0.5077,0.9756
mvtec,leather,k4,4,456,1.0000,1.0000,1.0000,0.9950,0.5409,0.5266,0.9859
mvtec,leather,k4,4,789,1.0000,1.0000,1.0000,0.9943,0.4974,0.5151,0.9796
mvtec,metal_nut,k1,1,0,0.9995,0.9999,0.9947,0.9700,0.8886,0.8292,0.8882
mvtec,metal_nut,k1,1,42,0.9990,0.9998,0.9947,0.9727,0.9076,0.8396,0.8876
mvtec,metal_nut,k1,1,123,1.0000,1.0000,1.0000,0.9739,0.9130,0.8608,0.8988
mvtec,metal_nut,k1,1,456,1.0000,1.0000,1.0000,0.9714,0.9007,0.8438,0.8976
mvtec,metal_nut,k1,1,789,1.0000,1.0000,1.0000,0.9761,0.9158,0.8540,0.8973
mvtec,metal_nut,k2,2,0,1.0000,1.0000,1.0000,0.9816,0.9361,0.8831,0.9123
mvtec,metal_nut,k2,2,42,1.0000,1.0000,1.0000,0.9822,0.9430,0.8895,0.9091
mvtec,metal_nut,k2,2,123,1.0000,1.0000,1.0000,0.9790,0.9333,0.8739,0.9006
mvtec,metal_nut,k2,2,456,1.0000,1.0000,1.0000,0.9807,0.9301,0.8744,0.9075
mvtec,metal_nut,k2,2,789,1.0000,1.0000,1.0000,0.9786,0.9281,0.8686,0.9001
mvtec,metal_nut,k4,4,0,1.0000,1.0000,1.0000,0.9838,0.9414,0.9009,0.9226
mvtec,metal_nut,k4,4,42,1.0000,1.0000,1.0000,0.9833,0.9468,0.9012,0.9020
mvtec,metal_nut,k4,4,123,1.0000,1.0000,1.0000,0.9835,0.9446,0.9008,0.9178
mvtec,metal_nut,k4,4,456,1.0000,1.0000,1.0000,0.9838,0.9424,0.8957,0.9228
mvtec,metal_nut,k4,4,789,1.0000,1.0000,1.0000,0.9837,0.9475,0.8956,0.9188
mvtec,pill,k1,1,0,0.9820,0.9967,0.9720,0.9882,0.8469,0.7729,0.9725
mvtec,pill,k1,1,42,0.9697,0.9945,0.9754,0.9828,0.8332,0.7650,0.9671
mvtec,pill,k1,1,123,0.9626,0.9928,0.9653,0.9739,0.7531,0.6940,0.9707
mvtec,pill,k1,1,456,0.9727,0.9949,0.9682,0.9883,0.8331,0.7502,0.9766
mvtec,pill,k1,1,789,0.9634,0.9930,0.9622,0.9813,0.8037,0.7343,0.9705
mvtec,pill,k2,2,0,0.9812,0.9967,0.9753,0.9914,0.8534,0.7820,0.9818
mvtec,pill,k2,2,42,0.9790,0.9963,0.9682,0.9906,0.8576,0.7824,0.9811
mvtec,pill,k2,2,123,0.9795,0.9962,0.9790,0.9863,0.8211,0.7533,0.9794
mvtec,pill,k2,2,456,0.9774,0.9959,0.9716,0.9901,0.8279,0.7411,0.9836
mvtec,pill,k2,2,789,0.9823,0.9967,0.9789,0.9873,0.8246,0.7516,0.9823
mvtec,pill,k4,4,0,0.9872,0.9976,0.9825,0.9911,0.8240,0.7389,0.9815
mvtec,pill,k4,4,42,0.9869,0.9976,0.9754,0.9914,0.8594,0.7898,0.9820
mvtec,pill,k4,4,123,0.9864,0.9975,0.9754,0.9881,0.8205,0.7534,0.9817
mvtec,pill,k4,4,456,0.9831,0.9970,0.9747,0.9916,0.8515,0.7731,0.9773
mvtec,pill,k4,4,789,0.9804,0.9964,0.9686,0.9904,0.8179,0.7287,0.9839
mvtec,screw,k1,1,0,0.9367,0.9770,0.9262,0.9823,0.3770,0.4147,0.9275
mvtec,screw,k1,1,42,0.8340,0.9444,0.8594,0.9821,0.3821,0.4419,0.9182
mvtec,screw,k1,1,123,0.7969,0.9205,0.8845,0.9770,0.2383,0.3439,0.8945
mvtec,screw,k1,1,456,0.8664,0.9545,0.8793,0.9727,0.2757,0.3643,0.8601
mvtec,screw,k1,1,789,0.8317,0.9445,0.8603,0.9805,0.2810,0.3771,0.9057
mvtec,screw,k2,2,0,0.9248,0.9737,0.9147,0.9821,0.2817,0.3295,0.9239
mvtec,screw,k2,2,42,0.8795,0.9610,0.8819,0.9807,0.3505,0.4249,0.9215
mvtec,screw,k2,2,123,0.8627,0.9502,0.8851,0.9825,0.3606,0.3951,0.9303
mvtec,screw,k2,2,456,0.9469,0.9825,0.9258,0.9759,0.2911,0.3604,0.9022
mvtec,screw,k2,2,789,0.8834,0.9582,0.9035,0.9844,0.2495,0.3402,0.9353
mvtec,screw,k4,4,0,0.9238,0.9720,0.9200,0.9872,0.3688,0.4033,0.9479
mvtec,screw,k4,4,42,0.8819,0.9642,0.8803,0.9854,0.4216,0.4527,0.9384
mvtec,screw,k4,4,123,0.9139,0.9728,0.9091,0.9854,0.4076,0.4412,0.9306
mvtec,screw,k4,4,456,0.9391,0.9790,0.9360,0.9855,0.3681,0.4128,0.9334
mvtec,screw,k4,4,789,0.8944,0.9644,0.9020,0.9843,0.3746,0.4258,0.9287
mvtec,tile,k1,1,0,1.0000,1.0000,1.0000,0.9821,0.8934,0.8068,0.9148
mvtec,tile,k1,1,42,1.0000,1.0000,1.0000,0.9836,0.8859,0.7941,0.9113
mvtec,tile,k1,1,123,1.0000,1.0000,1.0000,0.9781,0.8783,0.7942,0.9144
mvtec,tile,k1,1,456,1.0000,1.0000,1.0000,0.9810,0.8873,0.7993,0.8974
mvtec,tile,k1,1,789,1.0000,1.0000,1.0000,0.9831,0.8908,0.7956,0.9169
mvtec,tile,k2,2,0,1.0000,1.0000,1.0000,0.9867,0.9076,0.8196,0.9400
mvtec,tile,k2,2,42,1.0000,1.0000,1.0000,0.9829,0.8853,0.7935,0.9063
mvtec,tile,k2,2,123,1.0000,1.0000,1.0000,0.9849,0.8947,0.8018,0.9313
mvtec,tile,k2,2,456,1.0000,1.0000,1.0000,0.9795,0.8712,0.7822,0.8954
mvtec,tile,k2,2,789,1.0000,1.0000,1.0000,0.9862,0.8854,0.7852,0.9348
mvtec,tile,k4,4,0,1.0000,1.0000,1.0000,0.9853,0.8931,0.8043,0.9220
mvtec,tile,k4,4,42,1.0000,1.0000,1.0000,0.9845,0.8806,0.7800,0.9261
mvtec,tile,k4,4,123,1.0000,1.0000,1.0000,0.9821,0.8811,0.7886,0.9116
mvtec,tile,k4,4,456,1.0000,1.0000,1.0000,0.9794,0.8601,0.7651,0.8923
mvtec,tile,k4,4,789,1.0000,1.0000,1.0000,0.9832,0.8811,0.7848,0.9079
mvtec,toothbrush,k1,1,0,0.9722,0.9897,0.9508,0.9904,0.6164,0.6584,0.8988
mvtec,toothbrush,k1,1,42,0.9861,0.9952,0.9831,0.9854,0.4699,0.5772,0.9071
mvtec,toothbrush,k1,1,123,1.0000,1.0000,1.0000,0.9890,0.5585,0.6258,0.8648
mvtec,toothbrush,k1,1,456,0.9500,0.9825,0.9310,0.9882,0.5557,0.6212,0.8806
mvtec,toothbrush,k1,1,789,1.0000,1.0000,1.0000,0.9941,0.6407,0.6752,0.9416
mvtec,toothbrush,k2,2,0,1.0000,1.0000,1.0000,0.9938,0.6180,0.6636,0.9412
mvtec,toothbrush,k2,2,42,1.0000,1.0000,1.0000,0.9930,0.6228,0.6599,0.9364
mvtec,toothbrush,k2,2,123,1.0000,1.0000,1.0000,0.9925,0.5956,0.6668,0.9125
mvtec,toothbrush,k2,2,456,1.0000,1.0000,1.0000,0.9939,0.6307,0.6635,0.9350
mvtec,toothbrush,k2,2,789,1.0000,1.0000,1.0000,0.9941,0.6271,0.6803,0.9460
mvtec,toothbrush,k4,4,0,1.0000,1.0000,1.0000,0.9930,0.6078,0.6577,0.9304
mvtec,toothbrush,k4,4,42,0.9944,0.9978,0.9836,0.9908,0.5949,0.6369,0.8828
mvtec,toothbrush,k4,4,123,1.0000,1.0000,1.0000,0.9943,0.6758,0.6936,0.9216
mvtec,toothbrush,k4,4,456,1.0000,1.0000,1.0000,0.9926,0.5539,0.6409,0.9154
mvtec,toothbrush,k4,4,789,1.0000,1.0000,1.0000,0.9943,0.5987,0.6773,0.9506
mvtec,transistor,k1,1,0,0.8933,0.8613,0.7816,0.8944,0.5470,0.5360,0.6483
mvtec,transistor,k1,1,42,0.9350,0.9265,0.8354,0.9636,0.6851,0.6373,0.8190
mvtec,transistor,k1,1,123,0.9517,0.9477,0.8649,0.9690,0.7427,0.6766,0.7735
mvtec,transistor,k1,1,456,0.9729,0.9670,0.9231,0.9530,0.6454,0.5940,0.7590
mvtec,transistor,k1,1,789,0.9138,0.9130,0.8493,0.9188,0.5549,0.5295,0.7889
mvtec,transistor,k2,2,0,0.9254,0.9053,0.8158,0.9171,0.6090,0.5817,0.6639
mvtec,transistor,k2,2,42,0.9592,0.9520,0.8767,0.9719,0.7305,0.6633,0.8404
mvtec,transistor,k2,2,123,0.9629,0.9566,0.9091,0.9713,0.7303,0.6637,0.8695
mvtec,transistor,k2,2,456,0.9404,0.9339,0.8889,0.9537,0.6753,0.6167,0.7505
mvtec,transistor,k2,2,789,0.9537,0.9412,0.8537,0.9653,0.7016,0.6319,0.7789
mvtec,transistor,k4,4,0,0.9579,0.9457,0.8780,0.9476,0.6511,0.6078,0.7336
mvtec,transistor,k4,4,42,0.9621,0.9503,0.8736,0.9790,0.7441,0.6664,0.8538
mvtec,transistor,k4,4,123,0.9750,0.9692,0.9114,0.9773,0.7565,0.6798,0.8484
mvtec,transistor,k4,4,456,0.9629,0.9529,0.9000,0.9517,0.6751,0.6254,0.7889
mvtec,transistor,k4,4,789,0.9537,0.9367,0.8810,0.9646,0.7108,0.6412,0.8149
mvtec,wood,k1,1,0,0.9886,0.9967,0.9748,0.8882,0.5030,0.4975,0.7876
mvtec,wood,k1,1,42,0.9921,0.9976,0.9752,0.9370,0.6507,0.6078,0.8493
mvtec,wood,k1,1,123,0.9991,0.9997,0.9917,0.9240,0.5939,0.5724,0.8895
mvtec,wood,k1,1,456,0.9939,0.9981,0.9752,0.9299,0.5759,0.5484,0.8373
mvtec,wood,k2,2,0,0.9965,0.9989,0.9836,0.9561,0.6958,0.6402,0.8995
mvtec,wood,k2,2,42,0.9939,0.9982,0.9833,0.9353,0.6406,0.6089,0.8875
mvtec,wood,k2,2,456,0.9904,0.9970,0.9833,0.9505,0.6805,0.6279,0.8979
mvtec,wood,k2,2,789,0.9930,0.9979,0.9833,0.9305,0.6073,0.5784,0.8777
mvtec,wood,k4,4,0,0.9895,0.9968,0.9752,0.9101,0.5447,0.5351,0.8286
mvtec,wood,k4,4,42,0.9895,0.9965,0.9836,0.9615,0.6839,0.6354,0.9120
mvtec,wood,k4,4,123,0.9930,0.9978,0.9752,0.9118,0.5732,0.5552,0.8342
mvtec,wood,k4,4,456,0.9930,0.9979,0.9831,0.9592,0.6831,0.6350,0.9310
mvtec,wood,k4,4,789,0.9930,0.9979,0.9831,0.9504,0.6880,0.6361,0.8696
mvtec,zipper,k1,1,0,0.9919,0.9981,0.9833,0.9601,0.5576,0.5407,0.8857
mvtec,zipper,k1,1,42,0.9890,0.9970,0.9750,0.9511,0.5029,0.4993,0.8522
mvtec,zipper,k1,1,123,0.9819,0.9957,0.9741,0.9504,0.4950,0.4970,0.8531
mvtec,zipper,k1,1,456,0.9884,0.9972,0.9787,0.9541,0.5234,0.5269,0.8619
mvtec,zipper,k2,2,0,0.9903,0.9977,0.9833,0.9625,0.5835,0.5659,0.8911
mvtec,zipper,k2,2,42,0.9921,0.9980,0.9833,0.9551,0.4854,0.4744,0.8662
mvtec,zipper,k2,2,456,0.9929,0.9981,0.9833,0.9659,0.5688,0.5558,0.8967
mvtec,zipper,k2,2,789,0.9963,0.9991,0.9916,0.9576,0.5441,0.5364,0.8740
mvtec,zipper,k4,4,0,0.9882,0.9971,0.9832,0.9763,0.6494,0.6148,0.9215
mvtec,zipper,k4,4,42,0.9966,0.9991,0.9915,0.9575,0.5447,0.5312,0.8676
mvtec,zipper,k4,4,123,0.9921,0.9981,0.9831,0.9581,0.5677,0.5509,0.8809
mvtec,zipper,k4,4,456,0.9953,0.9988,0.9916,0.9635,0.5772,0.5575,0.8916
mvtec,zipper,k4,4,789,0.9976,0.9994,0.9874,0.9295,0.4350,0.4390,0.7986
simplenet,bottle,k1,1,0,1.0000,1.0000,1.0000,0.9787,0.7678,0.7402,0.9179
simplenet,bottle,k1,1,42,0.9992,0.9998,0.9921,0.9705,0.7493,0.7168,0.8989
simplenet,bottle,k1,1,123,1.0000,1.0000,1.0000,0.9754,0.7594,0.7301,0.8909
simplenet,bottle,k1,1,456,0.9984,0.9995,0.9920,0.9667,0.7039,0.6904,0.9061
simplenet,bottle,k1,1,789,1.0000,1.0000,1.0000,0.9754,0.7565,0.7296,0.9319
simplenet,bottle,k2,2,0,0.9992,0.9998,0.9921,0.9764,0.7588,0.7309,0.9060
simplenet,bottle,k2,2,42,1.0000,1.0000,1.0000,0.9801,0.7862,0.7497,0.9408
simplenet,bottle,k2,2,123,0.9984,0.9995,0.9920,0.9786,0.7601,0.7385,0.9094
simplenet,bottle,k2,2,456,0.9976,0.9992,0.9921,0.9799,0.7466,0.7384,0.9273
simplenet,bottle,k2,2,789,1.0000,1.0000,1.0000,0.9830,0.7874,0.7566,0.9365
simplenet,bottle,k2,2,789,1.0000,1.0000,1.0000,0.9781,0.7756,0.7411,0.9247
simplenet,bottle,k4,4,0,0.9984,0.9995,0.9921,0.9766,0.7626,0.7300,0.8995
simplenet,bottle,k4,4,42,1.0000,1.0000,1.0000,0.9816,0.7677,0.7567,0.9246
simplenet,bottle,k4,4,123,0.9992,0.9998,0.9921,0.9799,0.7696,0.7416,0.9112
simplenet,bottle,k4,4,456,0.9976,0.9992,0.9921,0.9808,0.7686,0.7440,0.9026
simplenet,bottle,k4,4,789,1.0000,1.0000,1.0000,0.9812,0.7668,0.7537,0.9104
simplenet,cable,k1,1,0,0.7969,0.8806,0.7944,0.9118,0.5100,0.5169,0.7887
simplenet,cable,k1,1,42,0.8184,0.8597,0.8365,0.8919,0.4227,0.4469,0.7517
simplenet,cable,k1,1,123,0.9245,0.9577,0.8913,0.9322,0.5738,0.5684,0.8096
simplenet,cable,k1,1,456,0.8654,0.9188,0.8500,0.9154,0.5192,0.5290,0.7740
simplenet,cable,k1,1,789,0.7397,0.7996,0.8041,0.8429,0.3847,0.4200,0.6880
simplenet,cable,k2,2,0,0.8390,0.9098,0.8229,0.9197,0.5747,0.5666,0.8091
simplenet,cable,k2,2,42,0.8919,0.9351,0.8571,0.9337,0.5872,0.5837,0.8525
simplenet,cable,k2,2,123,0.8816,0.9293,0.8451,0.9300,0.6045,0.5792,0.8415
simplenet,cable,k2,2,456,0.8720,0.9237,0.8415,0.9303,0.5576,0.5695,0.8090
simplenet,cable,k2,2,789,0.8266,0.8924,0.8247,0.8944,0.5159,0.4995,0.7728
simplenet,cable,k2,2,789,0.8325,0.8960,0.8218,0.8840,0.5089,0.4976,0.7714
simplenet,cable,k4,4,0,0.9355,0.9650,0.8889,0.9525,0.6292,0.6211,0.8814
simplenet,cable,k4,4,42,0.9779,0.9866,0.9508,0.9542,0.6495,0.6333,0.9016
simplenet,cable,k4,4,123,0.9194,0.9572,0.8865,0.9450,0.6248,0.6103,0.8688
simplenet,cable,k4,4,456,0.9561,0.9722,0.9158,0.9467,0.6371,0.6022,0.8800
simplenet,cable,k4,4,789,0.9625,0.9767,0.9278,0.9539,0.6580,0.6285,0.8934
simplenet,capsule,k1,1,0,0.6913,0.9232,0.9046,0.9552,0.2159,0.3231,0.7411
simplenet,capsule,k1,1,42,0.7599,0.9098,0.9339,0.9793,0.3022,0.3942,0.8869
simplenet,capsule,k1,1,123,0.6394,0.8404,0.9375,0.9718,0.1704,0.3014,0.8873
simplenet,capsule,k1,1,456,0.7710,0.9295,0.9163,0.9809,0.3388,0.4056,0.9206
simplenet,capsule,k1,1,789,0.8528,0.9651,0.9316,0.9783,0.3330,0.4023,0.9081
simplenet,capsule,k2,2,0,0.7543,0.9307,0.9316,0.9829,0.3399,0.4064,0.9049
simplenet,capsule,k2,2,42,0.7659,0.9104,0.9417,0.9823,0.3089,0.3961,0.9110
simplenet,capsule,k2,2,123,0.6669,0.8562,0.9327,0.9781,0.2202,0.3410,0.9071
simplenet,capsule,k2,2,456,0.7870,0.9266,0.9464,0.9835,0.3428,0.4216,0.9213
simplenet,capsule,k2,2,789,0.8783,0.9667,0.9502,0.9851,0.3735,0.4406,0.9283
simplenet,capsule,k2,2,789,0.8787,0.9667,0.9502,0.9846,0.3682,0.4334,0.9294
simplenet,capsule,k4,4,0,0.8065,0.9359,0.9455,0.9833,0.3454,0.4029,0.9000
simplenet,capsule,k4,4,42,0.9222,0.9750,0.9680,0.9884,0.4130,0.4951,0.9331
simplenet,capsule,k4,4,123,0.8245,0.9494,0.9412,0.9864,0.3958,0.4369,0.9376
simplenet,capsule,k4,4,456,0.9462,0.9862,0.9677,0.9886,0.4265,0.5040,0.9454
simplenet,capsule,k4,4,789,0.9366,0.9836,0.9596,0.9887,0.4212,0.5010,0.9434
simplenet,carpet,k1,1,0,0.9888,0.9968,0.9775,0.9871,0.5756,0.6016,0.8648
simplenet,carpet,k1,1,42,0.9876,0.9964,0.9773,0.9870,0.5725,0.6082,0.8714
simplenet,carpet,k1,1,123,0.9924,0.9977,0.9829,0.9874,0.6094,0.6050,0.8955
simplenet,carpet,k1,1,456,0.9912,0.9973,0.9727,0.9872,0.5912,0.6056,0.8788
simplenet,carpet,k1,1,789,0.9936,0.9981,0.9832,0.9862,0.5457,0.5985,0.8793
simplenet,carpet,k2,2,0,0.9848,0.9959,0.9829,0.9859,0.5264,0.5689,0.8613
simplenet,carpet,k2,2,42,0.9944,0.9984,0.9888,0.9863,0.5216,0.5858,0.8866
simplenet,carpet,k2,2,123,0.9928,0.9979,0.9831,0.9860,0.5552,0.5789,0.8728
simplenet,carpet,k2,2,456,0.9916,0.9976,0.9886,0.9870,0.5726,0.5898,0.8751
simplenet,carpet,k2,2,789,0.9916,0.9976,0.9831,0.9855,0.5222,0.5797,0.8720
simplenet,carpet,k2,2,789,0.9916,0.9976,0.9831,0.9855,0.5222,0.5797,0.8720
simplenet,carpet,k4,4,0,0.9920,0.9977,0.9886,0.9863,0.5242,0.5660,0.8623
simplenet,carpet,k4,4,42,0.9944,0.9984,0.9888,0.9857,0.5082,0.5715,0.8858
simplenet,carpet,k4,4,123,0.9924,0.9978,0.9831,0.9857,0.5411,0.5611,0.8770
simplenet,carpet,k4,4,456,0.9992,0.9997,0.9944,0.9864,0.5352,0.5698,0.8905
simplenet,carpet,k4,4,789,0.9924,0.9978,0.9829,0.9844,0.4839,0.5558,0.8764
simplenet,grid,k1,1,0,0.6842,0.8117,0.8852,0.7884,0.0261,0.0615,0.5415
simplenet,grid,k1,1,42,0.9541,0.9860,0.9391,0.9177,0.2225,0.3176,0.8306
simplenet,grid,k1,1,123,0.6475,0.8331,0.8444,0.7346,0.0206,0.0529,0.4355
simplenet,grid,k1,1,456,0.7778,0.9101,0.8615,0.8275,0.1058,0.2086,0.6251
simplenet,grid,k1,1,789,0.9382,0.9814,0.9369,0.9206,0.2216,0.3052,0.8349
simplenet,grid,k2,2,0,0.7744,0.8761,0.8943,0.8315,0.0645,0.1173,0.6742
simplenet,grid,k2,2,42,0.9657,0.9898,0.9643,0.9218,0.2356,0.3150,0.8440
simplenet,grid,k2,2,123,0.9056,0.9636,0.9231,0.9279,0.2177,0.3156,0.8086
simplenet,grid,k2,2,456,0.7318,0.8744,0.8702,0.8232,0.0832,0.1650,0.5764
simplenet,grid,k2,2,789,0.9624,0.9883,0.9474,0.9506,0.2567,0.3562,0.8897
simplenet,grid,k2,2,789,0.9624,0.9883,0.9474,0.9506,0.2567,0.3562,0.8897
simplenet,grid,k4,4,0,0.7811,0.8979,0.8906,0.8577,0.0934,0.1617,0.7012
simplenet,grid,k4,4,42,0.9733,0.9922,0.9730,0.9594,0.2703,0.3502,0.8975
simplenet,grid,k4,4,123,0.9006,0.9513,0.9217,0.9339,0.2004,0.2657,0.8259
simplenet,grid,k4,4,456,0.7694,0.8678,0.8615,0.8734,0.1010,0.1914,0.6826
simplenet,grid,k4,4,789,0.9499,0.9837,0.9298,0.9158,0.2432,0.3288,0.8545
simplenet,hazelnut,k1,1,0,0.9536,0.9744,0.9296,0.9493,0.3709,0.4084,0.7661
simplenet,hazelnut,k1,1,42,0.9696,0.9827,0.9306,0.9827,0.5400,0.5709,0.8174
simplenet,hazelnut,k1,1,123,0.9104,0.9494,0.8734,0.9592,0.4174,0.4611,0.7314
simplenet,hazelnut,k1,1,456,0.9943,0.9965,0.9790,0.9821,0.5396,0.5631,0.8041
simplenet,hazelnut,k1,1,789,0.9900,0.9943,0.9722,0.9700,0.4412,0.4973,0.8261
simplenet,hazelnut,k2,2,0,0.9918,0.9952,0.9784,0.9673,0.4155,0.4606,0.8152
simplenet,hazelnut,k2,2,42,1.0000,1.0000,1.0000,0.9843,0.5510,0.5823,0.8054
simplenet,hazelnut,k2,2,123,0.9979,0.9987,0.9929,0.9699,0.4474,0.4942,0.7712
simplenet,hazelnut,k2,2,456,0.9993,0.9996,0.9928,0.9800,0.4971,0.5357,0.8085
simplenet,hazelnut,k2,2,789,1.0000,1.0000,1.0000,0.9809,0.4939,0.5396,0.8276
simplenet,hazelnut,k2,2,789,1.0000,1.0000,1.0000,0.9809,0.4939,0.5396,0.8276
simplenet,hazelnut,k4,4,0,0.9950,0.9972,0.9722,0.9691,0.4224,0.4696,0.8090
simplenet,hazelnut,k4,4,42,0.9975,0.9985,0.9929,0.9833,0.5423,0.5658,0.8045
simplenet,hazelnut,k4,4,123,1.0000,1.0000,1.0000,0.9819,0.5243,0.5591,0.8243
simplenet,hazelnut,k4,4,456,1.0000,1.0000,1.0000,0.9802,0.4930,0.5421,0.7915
simplenet,hazelnut,k4,4,789,1.0000,1.0000,1.0000,0.9829,0.5211,0.5638,0.8362
simplenet,leather,k1,1,0,1.0000,1.0000,1.0000,0.9938,0.5011,0.5178,0.9767
simplenet,leather,k1,1,42,1.0000,1.0000,1.0000,0.9928,0.4757,0.4952,0.9758
simplenet,leather,k1,1,123,1.0000,1.0000,1.0000,0.9933,0.4803,0.5064,0.9750
simplenet,leather,k1,1,456,1.0000,1.0000,1.0000,0.9926,0.4804,0.4988,0.9721
simplenet,leather,k1,1,789,1.0000,1.0000,1.0000,0.9922,0.4477,0.4769,0.9705
simplenet,leather,k2,2,0,1.0000,1.0000,1.0000,0.9934,0.4967,0.5148,0.9722
simplenet,leather,k2,2,42,1.0000,1.0000,1.0000,0.9930,0.4860,0.5003,0.9768
simplenet,leather,k2,2,123,1.0000,1.0000,1.0000,0.9931,0.4735,0.5009,0.9712
simplenet,leather,k2,2,456,1.0000,1.0000,1.0000,0.9921,0.4439,0.4710,0.9757
simplenet,leather,k2,2,789,1.0000,1.0000,1.0000,0.9929,0.4693,0.5017,0.9722
simplenet,leather,k2,2,789,1.0000,1.0000,1.0000,0.9929,0.4693,0.5017,0.9722
simplenet,leather,k4,4,0,1.0000,1.0000,1.0000,0.9939,0.5443,0.5479,0.9704
simplenet,leather,k4,4,42,1.0000,1.0000,1.0000,0.9939,0.5156,0.5302,0.9742
simplenet,leather,k4,4,123,1.0000,1.0000,1.0000,0.9931,0.4765,0.5029,0.9715
simplenet,leather,k4,4,456,1.0000,1.0000,1.0000,0.9936,0.4944,0.5075,0.9783
simplenet,leather,k4,4,789,1.0000,1.0000,1.0000,0.9924,0.4365,0.4870,0.9659
simplenet,metal_nut,k1,1,0,0.8074,0.9476,0.9082,0.9491,0.7711,0.7173,0.8283
simplenet,metal_nut,k1,1,42,0.7903,0.9431,0.9137,0.9617,0.8261,0.7648,0.8090
simplenet,metal_nut,k1,1,123,0.8465,0.9607,0.9200,0.9459,0.7530,0.7183,0.7973
simplenet,metal_nut,k1,1,456,0.8856,0.9711,0.9375,0.9224,0.7321,0.6656,0.7218
simplenet,metal_nut,k1,1,789,0.8998,0.9758,0.9223,0.9533,0.8213,0.7491,0.8090
simplenet,metal_nut,k2,2,0,0.9687,0.9916,0.9634,0.9816,0.8926,0.8403,0.9327
simplenet,metal_nut,k2,2,42,0.9560,0.9892,0.9570,0.9823,0.9049,0.8403,0.8852
simplenet,metal_nut,k2,2,123,0.9360,0.9846,0.9468,0.9653,0.8324,0.7823,0.8572
simplenet,metal_nut,k2,2,456,0.9726,0.9939,0.9570,0.9776,0.8756,0.8271,0.9107
simplenet,metal_nut,k2,2,789,0.9501,0.9887,0.9388,0.9770,0.8774,0.8211,0.8733
simplenet,metal_nut,k2,2,789,0.9501,0.9887,0.9388,0.9770,0.8774,0.8211,0.8733
simplenet,metal_nut,k4,4,0,0.9897,0.9976,0.9841,0.9875,0.9170,0.8659,0.9257
simplenet,metal_nut,k4,4,42,0.9961,0.9991,0.9891,0.9868,0.9211,0.8675,0.9185
simplenet,metal_nut,k4,4,123,0.9824,0.9960,0.9626,0.9789,0.8753,0.8343,0.9160
simplenet,metal_nut,k4,4,456,0.9976,0.9994,0.9894,0.9861,0.9110,0.8640,0.9342
simplenet,metal_nut,k4,4,789,0.9980,0.9995,0.9894,0.9875,0.9215,0.8700,0.9228
simplenet,pill,k1,1,0,0.9332,0.9877,0.9470,0.9783,0.7921,0.7377,0.9467
simplenet,pill,k1,1,42,0.8882,0.9774,0.9338,0.9801,0.8101,0.7592,0.9494
simplenet,pill,k1,1,123,0.8224,0.9641,0.9169,0.9453,0.6617,0.6423,0.8621
simplenet,pill,k1,1,456,0.8601,0.9695,0.9291,0.9797,0.7771,0.7223,0.9503
simplenet,pill,k1,1,789,0.8786,0.9766,0.9283,0.9716,0.7850,0.7337,0.9237
simplenet,pill,k2,2,0,0.9332,0.9868,0.9474,0.9854,0.8272,0.7577,0.9622
simplenet,pill,k2,2,42,0.9242,0.9853,0.9470,0.9846,0.8312,0.7695,0.9570
simplenet,pill,k2,2,123,0.9078,0.9815,0.9448,0.9818,0.8044,0.7461,0.9454
simplenet,pill,k2,2,456,0.8797,0.9744,0.9231,0.9800,0.7825,0.7303,0.9457
simplenet,pill,k2,2,789,0.9182,0.9842,0.9357,0.9747,0.7654,0.7210,0.9435
simplenet,pill,k2,2,789,0.9182,0.9842,0.9357,0.9747,0.7654,0.7210,0.9435
simplenet,pill,k4,4,0,0.9389,0.9885,0.9514,0.9835,0.8207,0.7549,0.9571
simplenet,pill,k4,4,42,0.9523,0.9908,0.9580,0.9888,0.8422,0.7736,0.9649
simplenet,pill,k4,4,123,0.9326,0.9860,0.9609,0.9831,0.8005,0.7396,0.9488
simplenet,pill,k4,4,456,0.9313,0.9861,0.9583,0.9847,0.8119,0.7483,0.9577
simplenet,pill,k4,4,789,0.9389,0.9888,0.9504,0.9826,0.8033,0.7382,0.9546
simplenet,screw,k1,1,0,0.8026,0.9177,0.8806,0.9692,0.1020,0.2000,0.8711
simplenet,screw,k1,1,42,0.7590,0.9074,0.8655,0.9572,0.1772,0.2572,0.8545
simplenet,screw,k1,1,123,0.8225,0.9374,0.8679,0.9740,0.2069,0.3235,0.8914
simplenet,screw,k1,1,456,0.8325,0.9319,0.8915,0.9795,0.2242,0.3103,0.8963
simplenet,screw,k1,1,789,0.8602,0.9536,0.8787,0.9551,0.1035,0.2147,0.8383
simplenet,screw,k2,2,0,0.8225,0.9303,0.8706,0.9655,0.1749,0.2861,0.8707
simplenet,screw,k2,2,42,0.7807,0.9186,0.8708,0.9657,0.2005,0.2888,0.8678
simplenet,screw,k2,2,123,0.8666,0.9561,0.8800,0.9769,0.2071,0.3249,0.8996
simplenet,screw,k2,2,456,0.9248,0.9735,0.9136,0.9824,0.2485,0.3404,0.9302
simplenet,screw,k2,2,789,0.8664,0.9542,0.8793,0.9724,0.1683,0.2727,0.8934
simplenet,screw,k2,2,789,0.8664,0.9542,0.8793,0.9724,0.1683,0.2727,0.8934
simplenet,screw,k4,4,0,0.8707,0.9458,0.9141,0.9617,0.2353,0.3193,0.8815
simplenet,screw,k4,4,42,0.8006,0.9307,0.8645,0.9774,0.2534,0.3355,0.9093
simplenet,screw,k4,4,123,0.8813,0.9584,0.9012,0.9211,0.1406,0.2476,0.7624
simplenet,screw,k4,4,456,0.9322,0.9768,0.9244,0.9823,0.3043,0.3727,0.9158
simplenet,screw,k4,4,789,0.9180,0.9722,0.9098,0.9822,0.2701,0.3384,0.9270
simplenet,tile,k1,1,0,0.9852,0.9951,0.9762,0.9591,0.6095,0.6767,0.9173
simplenet,tile,k1,1,42,0.9960,0.9985,0.9818,0.9520,0.5473,0.6483,0.9169
simplenet,tile,k1,1,123,0.9903,0.9966,0.9820,0.9574,0.5677,0.6647,0.9179
simplenet,tile,k1,1,456,0.9957,0.9983,0.9822,0.9570,0.5588,0.6628,0.9201
simplenet,tile,k1,1,789,0.9863,0.9956,0.9820,0.9606,0.5848,0.6679,0.9223
simplenet,tile,k2,2,0,0.9874,0.9955,0.9762,0.9654,0.6373,0.6839,0.9153
simplenet,tile,k2,2,42,0.9939,0.9977,0.9765,0.9577,0.5724,0.6546,0.9167
simplenet,tile,k2,2,123,0.9895,0.9963,0.9820,0.9632,0.6042,0.6691,0.9143
simplenet,tile,k2,2,456,0.9935,0.9977,0.9820,0.9601,0.5807,0.6678,0.9169
simplenet,tile,k2,2,789,0.9917,0.9971,0.9820,0.9620,0.5857,0.6626,0.9173
simplenet,tile,k2,2,789,0.9917,0.9971,0.9820,0.9620,0.5857,0.6626,0.9173
simplenet,tile,k4,4,0,0.9917,0.9968,0.9759,0.9678,0.6622,0.6937,0.9248
simplenet,tile,k4,4,42,0.9881,0.9954,0.9701,0.9519,0.5601,0.6481,0.9169
simplenet,tile,k4,4,123,0.9921,0.9972,0.9820,0.9656,0.6202,0.6798,0.9195
simplenet,tile,k4,4,456,0.9957,0.9984,0.9820,0.9660,0.6460,0.6890,0.9174
simplenet,tile,k4,4,789,0.9968,0.9988,0.9820,0.9587,0.5793,0.6422,0.9090
simplenet,toothbrush,k1,1,0,0.9583,0.9852,0.9310,0.9818,0.4584,0.5659,0.9032
simplenet,toothbrush,k1,1,42,0.9806,0.9933,0.9667,0.9775,0.3918,0.5179,0.8832
simplenet,toothbrush,k1,1,123,0.8833,0.9587,0.8824,0.9793,0.4793,0.5552,0.8753
simplenet,toothbrush,k1,1,456,0.9583,0.9848,0.9286,0.9847,0.4788,0.5806,0.9128
simplenet,toothbrush,k1,1,789,0.9861,0.9952,0.9831,0.9837,0.4473,0.5516,0.9145
simplenet,toothbrush,k2,2,0,0.9806,0.9927,0.9524,0.9848,0.4586,0.5581,0.9145
simplenet,toothbrush,k2,2,42,0.9972,0.9989,0.9836,0.9866,0.4399,0.5450,0.9271
simplenet,toothbrush,k2,2,123,0.8722,0.9547,0.8824,0.9749,0.4559,0.5503,0.8513
simplenet,toothbrush,k2,2,456,0.9694,0.9889,0.9492,0.9849,0.4608,0.5653,0.9193
simplenet,toothbrush,k2,2,789,0.9833,0.9938,0.9655,0.9838,0.4406,0.5429,0.9146
simplenet,toothbrush,k2,2,789,0.9833,0.9938,0.9655,0.9838,0.4406,0.5429,0.9146
simplenet,toothbrush,k4,4,0,0.9750,0.9909,0.9508,0.9820,0.4654,0.5502,0.9050
simplenet,toothbrush,k4,4,42,0.9917,0.9970,0.9831,0.9852,0.4276,0.5288,0.9328
simplenet,toothbrush,k4,4,123,0.9889,0.9957,0.9677,0.9858,0.4635,0.5602,0.9169
simplenet,toothbrush,k4,4,456,0.9639,0.9873,0.9474,0.9815,0.4142,0.5315,0.9067
simplenet,toothbrush,k4,4,789,1.0000,1.0000,1.0000,0.9864,0.4315,0.5326,0.9331
simplenet,transistor,k1,1,0,0.7042,0.6544,0.6549,0.7885,0.2983,0.3378,0.6276
simplenet,transistor,k1,1,42,0.8987,0.8675,0.7912,0.9016,0.5353,0.5203,0.8013
simplenet,transistor,k1,1,123,0.9142,0.9140,0.8642,0.8936,0.5192,0.5058,0.7868
simplenet,transistor,k1,1,456,0.7696,0.7213,0.6604,0.7314,0.3185,0.3466,0.5338
simplenet,transistor,k1,1,789,0.6650,0.5969,0.6435,0.4755,0.0838,0.1161,0.2061
simplenet,transistor,k2,2,0,0.7438,0.7330,0.6667,0.8725,0.4482,0.4346,0.7570
simplenet,transistor,k2,2,42,0.9675,0.9590,0.8800,0.9246,0.5798,0.5536,0.8608
simplenet,transistor,k2,2,123,0.9508,0.9467,0.8718,0.9265,0.5907,0.5586,0.8652
simplenet,transistor,k2,2,456,0.7308,0.7056,0.6435,0.7813,0.3851,0.4145,0.6344
simplenet,transistor,k2,2,789,0.9154,0.9003,0.8140,0.9199,0.5474,0.5144,0.8579
simplenet,transistor,k2,2,789,0.9071,0.8890,0.7857,0.8862,0.5105,0.4997,0.8076
simplenet,transistor,k4,4,0,0.8079,0.7947,0.7000,0.8619,0.4573,0.4548,0.7646
simplenet,transistor,k4,4,42,0.9829,0.9787,0.9351,0.9487,0.6313,0.5901,0.9049
simplenet,transistor,k4,4,123,0.9679,0.9522,0.8966,0.9411,0.5986,0.5700,0.8863
simplenet,transistor,k4,4,456,0.9629,0.9626,0.9231,0.8963,0.5306,0.5327,0.8046
simplenet,transistor,k4,4,789,0.9571,0.9388,0.8889,0.9324,0.5812,0.5445,0.8617
simplenet,wood,k1,1,0,0.9921,0.9975,0.9836,0.9295,0.4924,0.5168,0.8452
simplenet,wood,k1,1,42,0.9895,0.9968,0.9672,0.9383,0.4749,0.5003,0.8668
simplenet,wood,k1,1,123,0.9895,0.9969,0.9752,0.9449,0.5045,0.5237,0.8708
simplenet,wood,k1,1,456,0.9895,0.9967,0.9756,0.9230,0.4458,0.4833,0.8468
simplenet,wood,k1,1,789,0.9895,0.9967,0.9756,0.9378,0.4706,0.4967,0.8717
simplenet,wood,k2,2,0,0.9956,0.9987,0.9833,0.9416,0.4903,0.5028,0.8516
simplenet,wood,k2,2,42,0.9868,0.9959,0.9677,0.9466,0.4879,0.5058,0.8784
simplenet,wood,k2,2,123,0.9886,0.9966,0.9667,0.9379,0.4789,0.5076,0.8636
simplenet,wood,k2,2,456,0.9974,0.9992,0.9917,0.9325,0.4639,0.4991,0.8447
simplenet,wood,k2,2,789,0.9904,0.9970,0.9756,0.9364,0.4649,0.4845,0.8626
simplenet,wood,k2,2,789,0.9904,0.9970,0.9756,0.9373,0.4643,0.4856,0.8706
simplenet,wood,k4,4,0,0.9921,0.9976,0.9752,0.9318,0.4495,0.4869,0.8514
simplenet,wood,k4,4,42,0.9886,0.9965,0.9677,0.9453,0.4809,0.4996,0.8671
simplenet,wood,k4,4,123,0.9974,0.9992,0.9916,0.9418,0.4840,0.5065,0.8624
simplenet,wood,k4,4,456,0.9991,0.9997,0.9917,0.9001,0.3945,0.4742,0.8138
simplenet,wood,k4,4,789,0.9947,0.9984,0.9756,0.9448,0.4745,0.4958,0.8669
simplenet,zipper,k1,1,0,0.9627,0.9882,0.9714,0.9842,0.6147,0.6301,0.9513
simplenet,zipper,k1,1,42,0.9903,0.9973,0.9752,0.9796,0.5560,0.6050,0.9367
simplenet,zipper,k1,1,123,0.9908,0.9975,0.9874,0.9765,0.5577,0.5865,0.9315
simplenet,zipper,k1,1,456,0.9638,0.9883,0.9661,0.9828,0.5847,0.6231,0.9488
simplenet,zipper,k1,1,789,0.9622,0.9887,0.9528,0.9821,0.5714,0.6070,0.9455
simplenet,zipper,k2,2,0,0.9609,0.9862,0.9712,0.9864,0.6226,0.6445,0.9539
simplenet,zipper,k2,2,42,0.9919,0.9976,0.9835,0.9821,0.5825,0.6192,0.9453
simplenet,zipper,k2,2,123,0.9924,0.9979,0.9835,0.9836,0.6001,0.6331,0.9511
simplenet,zipper,k2,2,456,0.9879,0.9965,0.9794,0.9875,0.6589,0.6667,0.9637
simplenet,zipper,k2,2,789,0.9929,0.9980,0.9874,0.9843,0.6255,0.6342,0.9504
simplenet,zipper,k2,2,789,0.9905,0.9972,0.9832,0.9859,0.6245,0.6401,0.9518
simplenet,zipper,k4,4,0,0.9850,0.9960,0.9752,0.9835,0.6166,0.6420,0.9467
simplenet,zipper,k4,4,42,0.9966,0.9991,0.9874,0.9860,0.6221,0.6471,0.9548
simplenet,zipper,k4,4,123,0.9947,0.9986,0.9874,0.9858,0.6436,0.6512,0.9562
simplenet,zipper,k4,4,456,0.9856,0.9955,0.9794,0.9891,0.6746,0.6780,0.9673
simplenet,zipper,k4,4,789,0.9932,0.9980,0.9876,0.9879,0.6527,0.6548,0.9608
